catalog.id,catalog.parent_id,containers.count,containers.ids
3668,3624,14,"{15151,15152,15153,15154,15155,15156,15157,15167,15168,16003,16421,16422,23171,25225}"
3711,3624,10,"{15216,15217,15218,15219,15220,15221,15622,16133,16754,22505}"
3712,3624,11,"{15623,15624,15625,15626,15684,16426,16427,16428,16429,16430,16431}"
3713,3624,3,"{15627,15628,15629}"
3714,3624,4,"{15630,17934,17935,17937}"
3839,3624,2,"{16103,16291}"
3847,3624,1,{16315}
3848,3624,1,{16319}
3852,3624,1,{16358}
3853,3624,1,{16375}
3913,3624,1,{17938}
3998,3624,211,"{19946,20000,20013,20019,20036,20047,20060,20082,20106,20123,20156,20179,20198,20209,20226,20251,20275,20287,20310,20338,20417,20433,20457,20470,20488,20496,20546,20547,20567,20581,20608,20626,20642,20675,20717,20723,20733,20747,20762,20777,20792,20813,20861,20870,20895,20908,20924,20948,20968,20985,21034,21045,21060,21079,21080,21089,21111,21134,21148,21158,21169,21201,21202,21214,21235,21257,21271,21296,21324,21342,21357,21380,21391,21402,21416,21424,21433,21443,21468,21480,21493,21509,21513,21532,21542,21548,21560,21571,21580,21598,21609,21623,21643,21666,21686,21695,21715,21723,21740,21759,21776,21907,21920,21955,22008,22024,22035,22048,22061,22068,22081,22112,22115,22176,22194,22206,22237,22250,22268,22290,22301,22319,22339,22362,22381,22392,22407,22427,22451,22469,22480,22507,22509,22529,22538,22570,22590,22627,22639,22659,22674,22682,22693,22708,22729,22753,22772,22807,22811,22812,22832,22853,22875,22886,22903,22969,22970,22971,22977,23011,23012,23022,23023,23053,23067,23100,23101,23102,23126,23154,23207,23208,23209,23243,23272,23273,23385,23386,23387,23388,23451,23452,23453,23454,23456,23588,23589,23590,23591,23668,23669,23682,23683,23699,23760,23761,23762,23775,23789,23810,23819,23867,23868,23921,23922,23992,24059,24060,24061,24167,24168}"
3999,3624,39,"{20562,20637,20638,21252,21253,21254,21255,21313,21317,21318,21319,21412,21413,21414,21415,21656,21657,21658,21659,21660,21661,21662,21663,21950,21951,21952,22310,22311,22312,22313,22314,22315,22794,22795,22796,22871,23013,35109,35113}"
7861,3624,55,"{54995,55486,55487,55708,55750,55854,55899,56228,56247,56379,56388,56498,56692,56779,56857,56968,57045,57121,57660,57661,57743,57968,58097,58248,58410,58488,58489,58722,58886,59015,59159,59288,59455,59675,59941,60044,60257,60376,60519,60668,60794,60987,61137,61282,61418,61527,61613,61771,61853,61970,62118,62250,62360,62490,62545}"
24,3672,238,"{199,283,306,313,372,449,461,492,626,653,1005,1041,1389,1509,1510,1513,1516,1517,1518,1522,1544,1556,1649,1715,1716,1730,1736,1740,1824,1847,1856,1946,2019,2046,2095,2096,2243,2294,2295,2422,2433,2473,2485,2486,2566,2607,2634,2653,2655,2688,2716,2724,2725,2741,2793,2815,2851,2852,2853,2854,2855,2872,2885,2906,2919,2924,2933,2947,2948,2995,3008,3009,3042,3067,3086,3097,3115,3179,3190,3192,3299,3450,3575,3623,4257,4741,4872,4932,4959,4966,4974,4986,4990,5035,5036,5226,5639,5643,5748,5772,5798,5900,5960,5986,6048,6152,6164,6340,6455,6967,7054,7183,7193,7194,7195,7302,8068,8889,9131,9708,12305,12342,12390,12401,12770,12837,12886,12925,13006,13068,13086,13096,13314,13417,13494,13757,13794,13804,13892,14085,14193,14195,14206,14209,14219,14274,14316,14383,14422,14618,14961,15077,15126,15158,15199,15240,15250,15339,15340,16184,16634,16775,16807,16893,18516,18755,18911,20150,20151,20449,21478,21526,21767,22442,22547,22589,22607,22619,22647,22648,22649,22650,22651,22665,22666,22916,23006,23319,23320,23435,23436,23449,24276,24711,24712,24713,24714,24814,24894,25402,26631,27087,27089,27090,27166,27341,27450,27451,27560,27581,27582,27987,27988,28058,28059,28060,28061,28062,28063,28064,28065,28066,28067,28068,28177,28755,28756,28780,28863,29077,29133,29270,29537,29556,29723,34058,34349,35360}"
3514,3672,323,"{11542,11620,11674,11764,11787,11831,11885,11965,12014,12069,12121,12187,12295,12483,12544,12596,12649,12701,12773,12840,12894,12959,13017,13080,13143,13257,13316,13422,13488,13528,13598,13709,13771,13837,13912,13979,14047,14111,14165,14239,14289,14363,14434,14499,14564,14619,14672,14673,14747,14808,14884,14951,15035,15100,15184,15252,15333,15402,15490,15560,15638,15706,15763,15851,15900,16055,16112,16197,16265,16322,16377,16464,16554,16635,16725,16784,16832,16868,16924,16952,17021,17052,17091,17118,17193,17194,17225,17242,17301,17328,17394,17413,17473,17603,17649,17653,17654,17733,17737,17831,17832,17939,18054,18055,18073,18074,18125,18126,18157,18158,18209,18210,18246,18247,18250,18251,18341,18342,18343,18413,18480,18481,18482,18576,18626,18783,18784,18872,18873,18902,18903,19035,19036,19122,19123,19161,19162,19301,19302,19439,19466,19467,19514,19515,19518,19519,19545,19546,19547,19609,19616,19682,19683,19763,19790,19791,19830,19831,19898,19899,19912,19973,19974,19983,19984,19985,19986,19987,19997,20118,20119,20143,20223,20224,20337,20407,20408,20414,20432,20437,20515,20532,20533,20534,20535,20561,20562,20563,20578,20598,20599,20600,20601,20697,20714,20715,20774,20884,20885,20886,20887,20888,20889,20890,20921,20922,20996,20997,20998,20999,21103,21104,21131,21132,21558,21559,21593,21594,21608,21685,21705,21706,21722,21768,21769,21785,21819,21820,21842,21843,21945,21946,22032,22033,22099,22100,22130,22131,22335,22336,22401,22402,22490,22491,22573,22574,22631,22632,22676,22677,22805,22863,22868,22869,22945,22946,23364,23380,23416,23417,23580,23581,23664,23665,23865,23866,24303,24475,24476,24740,24741,24853,24854,25364,25365,25437,25439,25903,25950,26257,26416,26417,26524,26525,26526,26527,26528,26529,26530,26531,26532,26533,26534,26535,26536,26537,26538,26539,26540,26987,27376,27377,27434,27515,27516,27517,27541,27606,27607,27923,27924,28147,28148,28270,28272,28277,28403,28405,28550,29235,29255,35109,35113}"
3624,3672,32,"{14405,14406,14407,14408,14409,14986,15297,16755,17297,18365,18366,18368,18369,18831,19630,19798,21200,21341,21664,21949,21953,22375,22376,22377,22378,22379,22380,22391,22707,23220,24280,29270}"
3674,3672,114,"{15251,15305,16017,16018,16019,16020,16109,16247,16285,16286,17015,17081,17372,17463,17503,17886,17927,18048,18123,18219,18400,18636,18637,18638,18639,18682,19132,19133,19169,19342,19743,19775,19840,19865,20059,20120,20219,20220,20222,20538,20539,20540,20541,20542,20576,20577,20667,20668,20669,20744,20745,20794,20795,20881,21069,21308,21309,21310,21441,21479,21522,21531,21554,21652,21709,21773,21864,21865,21866,22020,22021,22326,22327,22328,22680,22833,22834,22947,22948,23358,23628,24025,24111,24396,24469,24607,24651,24653,24803,25078,25108,25234,25235,25243,25371,25665,26295,26332,26348,26730,26988,27015,27019,27041,27867,27895,28030,28531,28560,28771,28782,31202,32343,61180}"
3678,3672,51,"{15266,15267,15304,15316,15317,15318,15319,15327,15329,15330,15373,15374,15375,15415,15416,15417,15418,15419,15420,15422,15423,15468,15469,15482,15485,15486,15487,15518,15519,15520,15576,15583,15584,15695,15696,15697,15757,15758,15759,15760,15761,16499,16715,16856,16977,16978,16979,16980,17260,18267,18586}"
3679,3672,50,"{15298,15299,15300,15301,15302,15303,15315,16478,16618,16647,16648,16649,16650,16651,17102,17103,17141,17142,17318,17370,17371,17389,17390,17535,17536,17537,17721,17722,17723,17761,17962,17996,18037,18038,18131,18132,18134,18171,18172,18925,18988,18989,18990,19029,19030,19031,19121,19124,19126,19128}"
3681,3672,42,"{15314,15413,15414,16034,16035,16144,16145,16146,16147,16180,17000,17045,17046,17368,17593,17666,17751,18205,18423,18456,18663,18688,18706,18710,18722,18832,18971,19050,19168,19405,19635,19636,20549,20635,20791,21078,21339,23372,23597,23598,23600,27656}"
3684,3672,55,"{15394,15395,15396,15397,16209,16210,16245,16246,16287,16294,16295,16309,16310,16311,16511,16512,16514,16694,16948,16949,16950,16982,16983,17167,17273,17322,17369,17496,17646,17647,17652,17829,17830,17910,17911,18269,18270,18271,18392,18454,18486,18487,18768,18916,18987,19032,19033,19056,19057,19058,19129,19130,19131,19142,19143}"
3685,3672,102,"{3499,7325,8602,14385,14658,14659,15398,15867,15936,15937,16105,16106,16107,16108,16148,16476,16629,16630,16705,16902,16903,17713,17720,17839,17840,17856,17857,17858,17860,17888,17913,17914,18248,18249,18316,18317,18425,18427,18430,18644,18657,18658,18815,18816,18913,18914,18955,19012,19086,19089,19127,19151,19186,19430,19464,19474,19574,19744,19745,19866,19998,19999,20621,21439,21830,22080,22124,22231,22300,22885,23521,23535,23689,24445,24706,24809,25019,27949,30736,30738,37455,52873,55081,55142,55468,55496,55511,55515,55851,55975,56229,56230,56288,56392,56576,56581,56710,56991,57405,57407,57488,57489}"
3687,3672,233,"{15454,16400,16401,16402,16565,16566,16567,16568,16569,16675,16685,16686,16687,16909,16988,17762,17763,18268,18320,18321,18420,18421,18589,18645,18646,18681,18826,19028,19512,19513,19550,19555,19712,19801,20007,20097,20124,20172,20378,20379,20575,20636,20746,20806,21189,21191,21230,21323,21556,21708,21821,21930,22045,22094,22488,22522,22952,22963,23374,23375,24270,24304,37697,37707,38685,38686,39823,39824,40436,40827,40835,40836,40886,40991,41035,41039,41044,41046,41709,41711,41880,41882,42472,42473,42579,42722,42727,43143,43431,43432,44163,44164,44720,44721,45090,46730,46731,46881,46882,46883,46884,47011,47012,47143,47144,47145,47147,47150,47151,47595,47596,47816,47817,47856,47857,48469,48596,48597,48646,48647,48648,48754,48792,48793,48831,48832,48833,48835,49290,49386,49387,49388,49457,49458,49496,49497,49498,49499,49549,49550,49911,49912,50963,50977,51059,51060,51772,51773,51821,52020,52022,52221,52231,52237,52238,52746,52747,52863,52864,52903,52905,53014,53020,53542,53543,53659,53662,53663,53664,53665,53720,53721,54149,54151,54216,54217,54241,54339,54340,54341,54847,54849,54850,54871,54880,54881,54885,54890,55747,56689,56780,56781,56782,56783,56943,57010,57138,57139,57408,57490,57491,58470,58777,59016,59204,59205,59882,60090,60125,60214,60215,60364,60365,60545,60860,61318,61382,61383,61384,62058,62059,62178,62269,62408,62410,62915,63169,63388,64663,64796,64801,65030,65205}"
3690,3672,76,"{15521,15523,15834,15836,15866,16050,16255,16345,16692,16693,16713,16891,16892,17042,17043,17044,17079,17457,17595,17598,17999,18174,18389,18422,18502,18504,18506,18540,18790,18870,18957,18996,19164,19166,19203,20176,20560,21592,21622,21832,22022,22103,22233,22464,22776,22949,23217,23289,23497,23599,23781,23830,24064,24109,24184,24287,24406,24407,24785,24998,25072,25561,25624,25864,26069,26380,27226,27367,27550,27864,27885,28862,31204,33560,36684,61071}"
3823,3672,229,"{15753,15921,16069,16070,16151,16152,16248,16296,16306,16307,16308,16346,16347,16348,16500,16570,16571,16572,16620,16738,16919,16920,16921,16984,16985,16986,16987,17288,17411,17488,17489,17490,17491,17492,17493,17494,17495,17520,17521,17522,17523,17524,17525,17526,17527,17528,17529,17530,17531,17532,17618,17619,17664,17665,17708,17754,17755,17756,17803,17887,18000,18001,18002,18003,18120,18175,18176,18318,18352,18353,18354,18355,18356,18357,18358,18359,18360,18361,18362,18363,18364,18397,18398,18399,18443,18496,18497,18498,18499,18500,18517,18518,18519,18520,18521,18522,18523,18524,18525,18578,18579,18580,18581,18582,18583,18584,18699,18700,18701,18719,18720,18721,18737,18738,18739,18740,18741,18742,18743,18764,18765,18767,18898,18899,18900,18917,19006,19007,19008,19009,19010,19011,19046,19047,19048,19049,19051,19099,19100,19101,19102,19103,19104,19105,19106,19107,19108,19109,19110,19206,19320,19321,19323,19461,19462,19463,19530,19531,19532,19573,19632,19633,19637,19672,19673,19674,19675,19676,19705,19706,19707,19709,19710,19711,19724,19725,19726,19781,19820,19821,19822,19824,19825,19826,19827,19828,19829,19858,19862,19863,19910,19911,19952,19953,19954,21595,21596,21597,21650,21651,21894,22190,22563,22564,22972,22973,23163,23164,23519,23573,23623,23624,23625,23875,23904,24006,24007,24008,24108,24182,24316,24567,24586,24784,24921,25849,25850,25851,25852}"
3828,3672,228,"{15913,15914,15915,15916,15917,15918,15919,15920,16406,16407,16408,16434,16435,16436,16437,17373,17374,17375,17441,17442,17498,17580,17581,17582,17583,17613,17614,17709,17710,17711,17820,17821,17822,17823,17824,17825,17826,17827,17901,17922,17923,17924,17925,17926,18007,18008,18009,18045,18046,18146,18147,18149,18150,18245,18429,18431,18432,18433,18463,18465,18551,18552,18553,18554,18555,18556,18557,18723,18833,18852,18853,18937,18938,18940,18973,19052,19053,19054,19055,19406,19407,19408,19409,19713,19714,19715,19729,19730,20520,20521,20522,20523,20658,20722,20756,20757,20758,20759,20796,20809,20810,20891,20892,20893,20894,20936,20937,21000,21001,21002,21003,21004,21005,21006,21007,21008,21009,21228,21229,21248,21249,21250,21251,21325,21326,21327,21328,21362,21363,21364,21366,21367,21368,21369,21796,21797,21807,21808,21939,21940,21941,21942,21943,21944,21964,21965,22125,22126,22127,22128,22246,22247,22280,22282,22414,22415,22416,22417,22575,22576,22577,26133,26134,26135,26256,26363,26364,26430,26431,26435,26437,26509,26591,26592,26593,26596,26684,26685,26687,26690,26761,26762,26793,26878,26929,26930,26931,26932,26983,26984,26985,26986,27194,27195,27196,27197,27334,27371,27372,27373,27452,27480,27481,27482,27545,27546,27547,27604,27605,27659,27662,27784,27950,28071,28073,28074,28075,28076,28404,28501,28578,28579,28602,28603,28658,28741,28781,28790}"
3830,3672,36,"{15924,15925,15926,15927,15943,15944,15945,16051,16052,16149,16150,16153,16179,16292,16293,16603,16604,16605,16606,17001,17002,17166,17287,17298,17410,17500,17501,18830,18965,19152,19473,23601,23602,23603,23606,23607}"
3831,3672,47,"{15949,15950,15951,15952,15953,16438,16439,16440,16441,16526,16528,16529,16530,16531,16607,16666,16667,16668,16669,16670,16704,17456,17504,17534,17615,17616,17714,17854,18173,18390,18391,18451,18452,18464,18503,18588,18607,18608,18609,18926,18930,18933,18935,18936,18964,19428,19692}"
3834,3672,30,"{16027,16028,16142,16143,16714,17233,17367,17404,17408,17464,17486,17487,17788,17842,17906,17907,18424,18485,18495,18683,18726,18856,19113,19410,19412,19528,19769,19861,20170,20548}"
3841,3672,141,"{16164,16165,16274,16275,16515,16516,16672,16673,16674,16690,16691,16866,16867,16907,16960,17271,17272,17392,17845,18224,18289,18686,18928,19045,19088,19090,19092,19093,19094,19118,19119,19120,19525,19526,19754,19838,19914,20159,20255,20278,20406,20412,20413,25810,26963,26964,27125,27230,27327,27442,27579,27792,27902,27982,28078,28163,28235,28373,28472,28559,28621,28745,28832,28973,29021,29036,29037,29074,29103,29109,29127,29152,29170,29188,29200,29230,29243,29265,29279,29327,29357,29394,29463,29464,29476,29542,29591,29593,29655,29664,29700,29732,29829,29830,29915,29991,30066,30094,30213,30283,30330,30375,30436,30459,30492,30552,30584,30617,30717,30719,30767,30803,30850,30908,30974,31019,31082,31171,31218,31329,31398,31493,31537,31586,31651,31740,31756,31837,31934,31996,32112,32162,32292,32374,32627,32717,32747,32929,33032,33109,33174}"
3842,3672,9,"{16181,16182,19697,19698,19728,20370,20544,20545,27152}"
3857,3672,4,"{16501,16502,16510,16602}"
3859,3672,25,"{16711,16712,16737,16908,16961,17175,17176,17459,17460,17461,17650,17752,17753,18272,18455,18667,18725,18766,18997,19322,19336,19429,19772,19837,19994}"
3871,3672,18,"{16975,17012,17013,17014,17363,17472,17641,17642,17800,17912,18004,18225,18457,19060,19335,19477,19856,22705}"
3879,3672,5,"{17366,17707,17855,18393,18954}"
3880,3672,13,"{17365,17386,17387,17844,17909,17988,18034,18035,18314,18854,18939,19134,19167}"
3881,3672,22,"{17384,17385,17388,17405,17660,17661,17662,17663,17801,17905,17989,18036,18135,18136,18137,18302,18315,18507,18577,18664,18665,27330}"
3883,3672,10,"{16104,16621,16622,17391,17497,17502,17572,17786,17787,19691}"
3884,3672,13,"{15694,15938,15939,15940,15941,16207,16208,16632,16695,16990,16991,16992,52721}"
3885,3672,31,"{16939,16940,16941,17323,17438,17439,17440,17471,17617,17648,17724,17750,18042,18043,18395,18462,18541,18558,18559,18587,18628,18629,18707,18951,19085,19112,19165,19325,19403,19552,19613}"
3887,3672,51,"{17269,17449,17458,17748,17841,17998,18040,18041,18388,18412,18763,18855,18985,18986,18998,18999,19000,19001,19042,19044,19059,19111,19324,19411,19529,19694,19695,19727,19857,19924,19981,20057,20126,20197,20207,20409,20415,20484,20659,20805,21477,21511,29232,29233,29234,29267,29399,29454,29455,29535,29536}"
3890,3672,161,"{15429,15534,15587,15658,15814,15857,15876,15907,15982,15991,16016,16073,16096,16176,16222,16341,16343,16399,16494,16593,16696,16747,16796,16848,16958,17035,17139,17246,17331,17419,17508,17623,17701,17791,17890,18012,18093,18124,18183,18189,18190,18191,18192,18193,18194,18195,18206,18207,18208,18273,18274,18275,18276,18277,18307,18406,18440,18490,18526,18527,18528,18529,18530,18590,18591,18592,18593,18594,18595,18596,18597,18598,18600,18692,18775,18865,18976,19080,19191,19362,19432,19493,19580,19663,19748,19804,19949,20024,20104,20245,20421,21036,21113,21197,21299,21393,21469,21534,21828,23642,23742,23838,23952,24169,24266,24360,24441,24646,24726,24819,24897,24995,25102,25212,25227,25317,25518,25609,25721,25826,25916,26003,26101,26406,26496,26541,26590,26825,26870,26971,26981,27153,27167,27275,27537,27557,27658,27847,27886,27887,28022,28123,28159,28262,28357,28491,28588,28649,28871,28872,29081,29450,29451,29474,29532,29594,29595,29734,29820,29821,29918}"
3891,3672,125,"{12683,13007,13417,13989,14315,14713,14778,14823,14911,14964,15050,15127,15201,15263,15269,15364,15407,15496,15566,15644,15770,16134,16198,16384,16469,16557,16640,16730,16788,16838,16930,17027,17097,17209,17234,17327,17398,17478,17606,17691,17770,17868,17969,18047,18068,18159,18178,18179,18180,18181,18278,18279,18280,18281,18282,18290,18376,18472,18564,18572,18673,18749,18846,18879,18880,18881,18882,18883,18884,18945,18968,18969,18970,18972,19174,19216,19217,19218,19219,19220,19293,19294,19295,19296,19297,19298,19299,19311,19312,19313,19314,19315,19316,19317,19318,19343,19419,19478,19561,19645,19731,19792,19793,19872,19932,20010,20083,20210,20288,20396,20944,21606,21688,21758,21909,21993,22270,22364,22453,22683,22758,22841,22928,23056,23134}"
3893,3672,13,"{17997,18021,20113,20380,20381,21070,21804,22108,22329,22829,22848,25242,29703}"
3904,3672,41,"{17725,17799,17941,18005,18122,18505,18537,18538,18539,18666,18708,18709,18724,18791,18792,19475,19476,19533,19534,19535,19536,19569,19570,19634,19995,20068,20116,20217,20218,20269,21186,21187,21188,21867,21938,22095,22331,22332,22836,22837,22893}"
3921,3672,13,"{198,5328,5329,5494,5495,5496,12893,12996,14144,17316,17828,19398,32063}"
3930,3672,16,"{18627,18718,19659,19716,19717,19746,19850,19972,20018,20271,20272,20564,21046,21264,21429,21430}"
3931,3672,50,"{1819,7076,8603,8909,9900,10216,10217,10453,11535,11643,11644,11645,11754,11769,11854,11992,12805,13104,14962,15034,15725,16123,16206,16283,16683,16893,17259,17268,17314,17315,19968,20149,20394,20416,20451,20507,20536,20596,20597,20660,20686,20872,21127,21234,21767,21831,22302,22425,23070,26691}"
3943,3672,3,"{18732,18974,19175}"
3944,3672,4,"{18927,20670,20671,20672}"
3946,3672,92,"{14760,16458,16508,16682,17282,17902,18550,18822,18842,18843,18844,18912,19027,19440,19575,19593,19596,19774,19841,19842,19843,19844,19975,20037,20081,20158,20469,20475,20579,20585,20591,20656,20689,20705,20789,21024,21044,21144,21165,21192,21195,21241,21265,21266,21292,21307,21320,21372,21629,21630,21653,21683,21684,21731,21751,21752,21753,21788,21789,21790,21798,21818,21841,21863,21868,21919,21929,21931,21954,21962,21990,22003,22082,22087,22098,22122,22123,22281,22468,22578,22600,22690,22703,22847,22925,24092,24094,24771,25450,25451,25452,26456}"
3949,3672,36,"{19078,19079,19204,19341,19553,19612,19696,19770,19859,19955,20058,20135,20254,20377,20468,20633,20688,20986,22207,22285,22334,22462,22524,22558,22719,22923,23213,23710,23782,24026,24173,24187,24297,24443,24632,24789}"
3950,3672,7,"{19155,19156,19157,19158,19303,19304,19890}"
3955,3672,278,"{19163,19947,19948,20030,20115,20593,20901,21222,21223,21224,21225,21338,21457,21458,22192,22193,22249,22424,22769,23009,23090,23091,23120,23121,23166,23352,24063,24460,24530,24531,28620,32422,32578,32604,32699,32994,33646,34147,34148,34364,37857,38942,39020,39540,39541,39825,40446,40447,40448,40449,40974,40975,40976,40977,41251,41269,41271,41272,41274,41281,41282,41283,41284,41286,41293,41294,41295,41296,41297,41930,41931,41932,41933,41934,41935,41936,41937,41938,43810,43812,45271,45274,46708,46763,46764,47632,47633,47634,48036,48654,48655,48701,48702,48769,48848,51831,51845,51846,51847,51848,51898,51899,52781,52874,52875,52876,52877,52878,52879,53022,53145,53405,54247,54297,54300,54354,54355,54400,54413,54500,54501,54502,54679,54732,54733,54789,54790,54828,54830,54927,54928,54929,54930,54931,54997,54998,54999,55000,55001,55003,55056,55057,55143,55144,55145,55146,55201,55202,55203,55219,55391,55410,55411,55412,55437,55438,55439,55518,55682,55683,55684,56327,56345,56429,56430,56500,56574,56578,56673,56784,56947,56948,57234,57235,57823,58202,58203,58227,58537,58538,58539,58540,58541,58740,58872,58953,58954,58975,58976,58997,59020,59021,59355,59356,59397,59398,59500,59512,59643,59644,59657,59659,59667,59668,59722,59739,60056,60057,60377,60635,61055,61139,61189,61570,61687,62643,62963,63090,63193,63606,63756,63818,63827,63904,63947,64078,64092,64139,64140,64179,64316,64448,64591,64678,64679,64683,64778,64779,64894,64942,65038,65353,65467,65468,65484,65485,65486,65526,65562,65647,65667,65753,65774,65871,65919,66036,66037,66264,66275,66281,66458,66659,66731,66891,67076,67200,67201,67239,67382,67424,67545,67547,67639,67678,67701,67782,69990,69991}"
3961,3672,22,"{19549,19638,19639,19996,20070,20125,20383,20384,20385,22278,22405,22476,22477,22527,22559,22867,22922,22924,23184,23353,24533,24534}"
3973,3672,50,"{674,10278,12366,12367,12368,12470,12471,12472,12542,12559,12620,13085,13569,13790,13791,13792,13793,14425,14474,14554,15106,15232,15387,15450,15451,15783,15802,16228,16740,16917,16962,20032,20195,20196,20225,20393,20686,21234,21831,22425,22909,23070,23691,25780,28665,32696,32698,41365,41376,41377}"
3974,3672,26,"{19848,19849,19860,19907,19909,19921,19922,19923,20008,20069,20256,20574,20743,20760,21059,21247,21354,22166,22218,22489,22633,22766,22961,23094,23445,23752}"
3982,3672,51,"{20144,20145,20146,20147,20148,20189,20435,20436,20466,20920,21491,21492,21766,21869,22204,22205,22236,22403,22404,22702,22755,22873,22874,22974,23186,23187,24216,24217,24473,24858,25074,25277,25625,25655,26042,26258,26287,26379,26953,27111,27112,27919,27920,27921,27922,28809,28935,28936,28937,29045,29046}"
3983,3672,7,"{20157,20168,20467,20550,20551,20632,20742}"
3984,3672,5,"{20173,20174,20177,20270,20634}"
3985,3672,8,"{20178,20276,20277,20371,20382,20431,20543,21030}"
4001,3672,2,"{20673,20687}"
4002,3672,1,{20685}
4003,3672,11,"{20683,20684,20704,21783,22114,22284,22406,22494,22950,24710,28044}"
4086,3672,59,"{21717,21718,22023,22104,22111,22230,22492,22679,22835,22894,23143,23167,23269,23373,23499,23574,23627,23750,23769,23795,23844,23859,23983,24088,24172,24183,24514,24556,24649,24867,25146,25230,25247,25295,25356,25528,25541,25925,26007,26071,26347,26423,26434,26459,26824,26875,26980,27138,27473,27535,27808,28020,28347,28650,52828,54335,54336,54952,56945}"
4091,3672,36,"{21805,21806,22034,22042,22129,22220,22390,22465,22617,22635,22678,22704,22865,23014,23030,23125,23292,23506,23630,23734,23965,24066,24328,24378,24395,24408,24447,24709,25423,25426,25856,26116,26131,56324,56325,56326}"
4118,3672,23,"{22219,22221,22359,22467,22872,22921,22953,28197,28390,28411,28502,28517,28558,28654,28655,28689,28864,28865,29044,29246,29305,29335,29538}"
4126,3672,57,"{22345,22440,22508,22653,22732,22814,22902,22981,23033,23109,23219,23313,23379,23421,23483,23534,23561,23609,23670,23713,23759,23809,23851,23923,23985,24075,24106,24148,24180,24235,24281,24334,24372,24427,24459,24521,24565,24618,24666,24705,24742,24781,24852,24877,24920,24945,25006,25068,25116,25190,25244,25293,25340,25381,25420,25460,27083}"
4135,3672,35,"{22460,22528,22552,22730,22831,22983,23017,23098,23258,23291,23443,23576,23577,23770,23771,23984,24065,24215,24327,24471,24472,24824,24924,25039,25120,25652,25758,25831,25865,25866,25968,26032,26035,26132,26318}"
4136,3672,21,"{22201,22248,22571,22572,22717,22768,22808,23040,23122,23579,23626,24009,24011,24012,24015,24119,24120,24410,24411,25022,25427}"
4153,3672,29,"{22788,22789,22790,22791,22792,23214,23415,23753,23754,23846,23847,23886,23887,23888,23889,23890,23891,23892,23893,24093,24112,25696,25771,25929,25931,26044,26727,26728,26729}"
4198,3672,32,"{23190,23359,23412,23528,23692,23883,23884,23885,23909,23911,23912,24127,24129,24130,24330,24479,24611,24672,25024,25200,25201,25283,25664,25934,25935,25936,26047,26048,26049,26139,26265,26267}"
4266,3672,8,"{23508,23509,23510,23511,23512,24268,24269,24446}"
4275,3672,9,"{24013,24014,24016,24017,24018,24019,24020,24023,24024}"
4276,3672,36,"{24285,24298,24350,24377,24650,24788,25035,25275,25354,25436,25542,25543,25560,25649,25770,25783,25784,25829,25926,25945,26031,26129,26424,26460,27003,27150,27151,27193,27329,27657,27845,27849,28072,28216,28766,29533}"
4277,3672,14,"{22526,22706,22767,22864,23015,23016,24072,24604,24669,24821,24902,25769,26461,27342}"
4294,3672,70,"{24185,24186,24188,24249,24289,24300,24301,24470,24515,24707,24736,24760,24905,24906,24925,25176,25177,25276,25320,25370,25425,25438,25855,25867,25988,26230,26362,26439,26497,26720,26877,26951,27049,27069,27070,27155,27156,27228,27295,27369,27370,27374,27375,27453,27508,27538,27558,27691,27745,27746,27773,28023,28149,28219,28261,28274,28437,28518,28601,28656,28690,28767,28867,28934,29196,29269,31280,36690,36789,38210}"
4300,3672,30,"{24368,24369,24535,24587,24648,24744,24786,24787,24855,24856,25036,25174,25175,25274,25353,25424,25454,25479,25480,25530,25559,65848,65849,65851,65853,65854,65855,65856,65857,65858}"
4301,3672,69,"{24384,24385,24386,24387,24477,24478,24537,24538,24608,24670,24790,24791,24826,25202,25203,25204,26138,26259,26260,26261,26262,26263,26264,26266,26383,26385,26511,26781,26782,26879,27114,27116,27198,27199,27422,27423,27424,27608,27609,27610,27611,27612,27613,27614,27850,27925,27926,27927,27928,27975,28280,28281,28657,28671,28672,28810,28811,28812,28813,29031,29114,29273,29275,29276,29461,29726,29823,29951,29952}"
4302,3672,11,"{24214,24324,24405,24536,24631,25145,26458,27866,28260,28359,56384}"
4304,3672,11,"{24444,24588,24605,24757,24822,25037,25147,25368,25650,25828,25966}"
4307,3672,7,"{24574,24575,24576,24589,24590,24693,26780}"
4313,3672,7,"{24907,24908,24909,24910,24911,24912,25933}"
4390,3672,33,"{26034,26072,26117,26130,26320,26323,26360,26361,26438,26508,26543,26577,26759,26778,26779,26794,26795,26844,26962,27040,27157,27169,27227,27331,27509,27747,27759,27834,27865,27941,28025,28077,29013}"
4434,3672,50,"{26436,26542,26791,26876,26982,27036,27037,27139,27154,27171,27388,27491,27888,28275,28363,28592,28866,29456,29457,29539,29540,29741,30208,31580,31581,31724,31867,31868,36578,37384,37665,37917,38211,53918,53919,54338,54451,54953,55198,55512,55513,55540,55772,55859,57120,57349,57808,58249,59881,68277}"
4438,3672,14,"{26523,26567,26569,26570,26571,26572,26573,26574,26575,26576,26578,26612,26615,26831}"
4441,3672,11,"{26522,26561,26562,26563,26564,26565,26566,26568,26689,26719,27170}"
4452,3672,16,"{26659,26660,26661,26662,26663,26665,26667,26668,26670,26677,26679,26681,26682,26683,26686,26688}"
4453,3672,6,"{26671,26672,26674,26675,26676,26747}"
4454,3672,4,"{26664,26666,26669,26673}"
4464,3672,8,"{26760,26874,27110,27149,27291,27420,27774,28021}"
4476,3672,4,"{27273,27332,27333,27421}"
4479,3672,20,"{27492,27493,27494,27495,27496,27497,27498,27499,27500,27615,27616,29115,29116,29459,29460,29541,29742,29841,29937,38439}"
4498,3672,10,"{27730,28052,28053,28113,28348,28687,28948,29076,29205,30855}"
4499,3672,6,"{27731,27989,28051,28070,28227,28436}"
4500,3672,4,"{27875,28015,28189,28850}"
4501,3672,11,"{27973,27974,28041,28160,28198,28992,30735,31963,36696,36698,54884}"
4505,3672,1,{28186}
4518,3672,8,"{28498,28547,28600,28688,28933,29122,29334,29534}"
4519,3672,10,"{28499,28500,28591,28991,29195,29268,29355,29598,29740,29984}"
4520,3672,2,"{19657,28503}"
4521,3672,55,"{22260,22804,22982,23226,23315,23430,23539,23616,23722,23821,23933,24157,24256,24343,24435,24527,24627,24885,24938,25092,25216,25302,25393,25468,25591,25689,25805,25884,25984,26085,26234,26312,26413,26489,26742,26815,26922,27084,27222,27337,27443,27578,27721,27781,27829,27903,27983,28084,28171,28221,28381,28493,28630,28752,29059}"
4542,3672,173,"{21803,22007,22019,23690,27166,27277,27278,27293,27732,27857,28653,28779,28780,28863,29270,29537,29654,29723,34058,34349,34400,35360,35744,36504,37014,37041,37077,37078,37587,38699,38700,40142,40768,41365,41376,41377,41812,42216,42443,44232,45164,45724,45725,45727,46166,46286,46369,46838,46940,46988,47585,49424,51196,51673,51695,51724,51815,51932,51960,51962,52150,52383,52482,52484,52621,52713,53631,53713,54035,54250,54608,54831,55164,55489,55725,55796,55807,55910,55933,55949,55950,55951,56058,56124,56268,56269,56272,56280,56281,56791,56802,56835,56936,56969,56997,56998,57047,57048,57265,57267,57316,57321,57674,57675,57805,57931,58100,58456,58960,59122,59257,59329,59330,59513,59568,59900,60010,60148,60239,60240,60356,60520,61144,61440,61688,61715,61808,62329,63138,63284,63325,63447,63540,63676,63677,63714,63729,63730,63731,63732,64277,64485,64486,64581,64614,64743,64756,64799,64863,65031,65253,65718,66263,66272,66546,66547,66791,67048,67207,67265,67394,67693,67955,67999,68044,68114,68474,68482,68527,69088,69093,69648,69908}"
4573,3672,1,{29333}
4577,3672,22,"{21906,21921,22090,22091,22092,22093,29969,29970,29983,30043,30087,30175,30206,30242,30254,30274,30321,30348,30363,46165,46766,47913}"
4578,3672,26,"{29924,29925,29926,29927,29928,29929,30014,30015,31074,31229,36403,36404,36405,36412,36415,36692,36693,37306,37935,40191,41609,41610,41955,46628,46629,46765}"
4598,3672,1,{30499}
4650,3672,14,"{30794,31143,31265,31476,31572,31684,31723,32034,32136,34424,36344,36361,36560,37942}"
4668,3672,4,"{26678,26680,29725,32064}"
4704,3672,22,"{35647,35648,35658,35794,36658,36870,36871,36872,36873,37927,37929,37932,40825,40826,40831,40832,40833,40834,46359,48829,48830,61072}"
4707,3672,11,"{36181,36216,36581,36694,36695,36722,37772,38036,38336,39538,40437}"
4718,3672,130,"{36928,36929,36930,36931,36932,36933,37582,37798,40422,40423,40701,40841,40843,41037,41712,42471,42544,42578,43059,43694,43696,43894,44365,44515,44712,44885,45095,49385,49564,49565,50525,50526,51404,51405,54954,55047,55048,55049,55050,55177,55178,56390,56391,56427,56557,56575,56995,56996,57079,57080,57159,57160,57409,57410,57736,57744,57745,57804,57824,57825,58018,58019,58320,58321,58406,58471,58778,58779,58887,58888,59017,59123,59164,59169,59286,59287,59426,59427,59559,59560,59834,59835,60042,60043,60219,60220,61074,61075,61186,61187,61319,61321,61458,61459,61817,61818,62002,62003,62025,62026,62176,62177,62622,62624,62824,62916,62992,62993,63223,63224,63476,63745,63746,64132,64133,64421,64422,64565,64566,64589,64590,64797,64798,65033,65034,65124,65204,66551,66552,69813}"
4721,3672,2,"{37246,37247}"
4722,3672,12,"{37236,37238,37239,37243,41040,41041,41042,41043,41725,41726,42304,49020}"
4735,3672,623,"{39467,39468,39469,39470,40165,40166,40167,40168,40169,40170,40171,40172,40173,40174,40175,40176,40177,40178,40179,40180,40445,40499,40500,40501,40837,40838,40839,41038,41871,41874,41875,41876,41877,41878,41879,42129,42130,42135,42136,42723,42724,42725,42726,42783,42789,42791,42792,43144,43145,43146,43147,43148,43149,43150,43151,43152,43153,43157,43426,43427,43428,43429,43430,43700,43891,43892,43893,43895,43896,43897,43898,43899,44160,44161,44162,44388,44392,44393,44516,44517,44518,44519,44520,44521,44707,44708,44714,44715,44716,44717,44718,44719,45086,45087,45088,45089,46415,46421,46422,46423,46709,46710,46711,46712,46713,46714,46715,46716,46717,46718,46723,46780,46824,46825,46826,46828,47007,47008,47009,47010,47593,47594,47602,47603,47616,47863,47864,47865,47866,47867,47868,47869,48277,48279,48280,48281,48656,48657,48658,48660,48837,48838,48839,48840,49015,49016,49018,49019,49384,49398,49399,49547,49548,49552,49559,49566,49567,49568,49569,50529,50530,50531,50532,50538,50539,50540,50541,51056,51057,51061,51062,51063,51064,51065,51069,51549,51555,51567,51569,51570,51571,51573,51644,51780,51781,51786,51807,51808,51888,51893,51894,51895,51896,51897,52004,52005,52006,52008,52009,52010,52011,52013,52014,52016,52017,52018,52019,52417,52533,52534,52535,52567,52568,52734,52735,52736,52737,52738,52739,52740,52741,52742,52743,52744,52745,52748,52749,52750,52751,52763,52764,52765,52766,52767,52768,53051,53052,53053,53054,53055,53056,53057,53058,53059,53061,53062,53063,53635,53636,53637,53638,53880,53881,53882,53883,53884,53885,53886,54011,55122,55123,55124,55125,55173,55174,55175,55176,55709,55710,55711,55712,55855,55856,55857,55858,56202,56203,56204,56205,56206,56207,56375,56376,56377,56378,56713,56714,56715,56716,56792,56793,56794,56795,56796,56797,56798,56800,56858,56859,56860,56861,56880,56881,56882,56883,57140,57141,57142,57143,57350,57351,57352,57353,57731,57733,57734,57735,57792,57964,57965,57966,57967,58093,58094,58095,58096,58313,58314,58318,58319,58411,58412,58413,58417,58533,58534,58535,58536,58763,58774,58775,58776,58913,58914,58915,58916,59118,59119,59120,59121,59282,59283,59284,59285,59383,59384,59385,59386,59764,59765,59766,59767,59768,59769,59770,59771,60041,60063,60101,60170,60210,60211,60212,60213,60418,60419,60420,60421,60827,60828,60829,60830,60831,61069,61070,61073,61182,61183,61184,61185,61315,61316,61317,61589,61590,61591,61592,61595,61760,61761,61762,61763,61764,61765,61766,61767,61768,61769,62044,62045,62057,62172,62173,62174,62191,62192,62193,62194,62409,62411,62412,62413,62414,62415,62448,62449,62450,62451,62808,62809,62810,62811,62812,62813,62814,62815,62988,62989,62990,62991,63212,63213,63214,63215,63349,63350,63352,63353,63706,63707,63708,63709,63710,63711,63712,63713,63809,63810,63811,63812,63890,63891,63892,63893,63894,63895,63896,63897,64117,64119,64120,64204,64205,64206,64207,64208,64294,64295,64296,64297,64943,64944,64945,64946,64948,64949,64950,64951,64952,64953,64954,64955,64956,64957,64958,64959,65196,65197,65198,65199,65200,65201,65202,65203,65541,65542,65543,65544,65545,65546,65547,65548,65549,65550,65551,65723,65724,65725,65726,65727,65728,65729,65730,65731,66368,66369,66370,66371,66372,66373,66374,66375,66502,66503,66504,66505,66553,66554,66555,66581,66830,66831,66832,66833,66834,66835,66836,66837,66928,66929,66930,66931,67508,67509,67510,67511,67512,67513,67514,67515,67941,67946,67947,67948,67949,67950,67951,67952,67953,67954,68247,68248,68249,68250,68251,68252,68253,68254,68255,68256,69090,69091,69098,69099,69125,69126,69127,69128,69129,69130,69131,69132,69133,69134,69135,69136,69137,69263,69273,69354,69442,69522,69557,69618,69621,69647,69697,69740,69741,69838,69839,69840,69841,69874,69875,69894,69922,69983,69997,70077,70094,70118,70157}"
4755,3672,6,"{41288,41289,41290,41291,41292,54070}"
4764,3672,4,"{42938,42939,42940,48705}"
4766,3672,76,"{42431,42432,42457,42470,42686,42709,42807,42909,43014,43027,43051,43074,43293,43294,43295,43405,43406,43407,43535,43536,43537,43790,43793,43805,43819,44033,44034,44035,44316,44317,44318,44319,44323,44363,44481,44587,44629,54181,54547,54548,54619,54620,54642,54710,54859,54932,54933,55037,55038,55111,55112,55441,55442,55488,55631,55714,56383,56935,56981,56982,57518,57677,57815,58116,58448,59153,59474,59531,60066,60067,60363,60627,60628,61081,61082,61190}"
4767,3672,47,"{23610,23700,23715,23763,23790,23812,23853,23899,23925,24062,24107,24138,24149,24181,24213,24236,24294,24315,24335,24373,24566,24603,24620,24667,24743,24772,24783,25016,25059,25069,25118,25171,25193,25245,25269,25294,25366,25382,25527,25558,25663,25754,25840,25863,25944,25978,26395}"
4769,3672,4,"{43547,43565,43570,43573}"
4771,3672,11,"{42797,42798,43043,43693,43698,44722,45374,45375,45376,45377,45378}"
4777,3672,11,"{43877,44557,44739,48640,48765,48903,48992,49344,49475,49607,51447}"
4780,3672,7,"{44512,44738,44997,45192,45578,45579,47110}"
4786,3672,85,"{45164,45404,45519,45585,45798,45885,45886,45917,46015,46016,46136,46171,46242,46340,46372,46373,46627,47911,47912,47943,47997,48070,48071,48103,48104,48328,48614,48803,49235,51055,51106,51142,51143,51144,51145,51146,51171,51172,51173,51395,51396,51622,51623,51679,51714,51715,52849,52850,53187,53188,53312,53567,53573,53574,54319,54384,54385,54512,54513,54612,54693,54709,54815,54934,54958,55014,55015,57918,57919,57921,57988,58228,58958,58959,59009,59197,59273,60009,61064,61439,62607,63000,63440,64546,64547}"
4790,3672,2,"{44493,44494}"
4792,3672,7,"{46520,46525,46532,46728,46729,46783,46837}"
4839,3672,7,"{48309,48310,48311,48312,48313,48314,48408}"
4840,3672,2,"{48605,48606}"
6934,3672,26,"{51813,51825,51829,51842,51850,51865,51870,51903,51917,51930,51946,51959,51960,51962,51987,52029,52093,52102,52398,52409,52415,52467,52472,52505,52522,54643}"
6940,3672,81,"{52508,52510,52520,52532,52573,52597,52605,52614,52622,52671,52690,52691,52714,52733,52780,52819,52843,52858,52872,52896,52933,52959,52979,52999,53012,53110,53111,53124,53144,53164,53209,53227,53247,53275,53321,53371,53386,53402,53423,53435,53535,53553,53568,53606,53620,53633,53696,53714,53729,53744,53789,53799,53820,53834,53840,53853,53857,53861,53869,53927,53934,54063,54081,54095,54184,54198,54210,54225,54251,54280,54299,54325,54390,54401,54426,54440,54490,54514,54530,54600,54618}"
6941,3672,8,"{52701,52702,52881,52884,53028,53029,53376,53377}"
6944,3672,24,"{52934,52936,52937,52938,52980,52981,52982,53027,53158,53161,53162,53163,53165,53166,53913,53915,53916,53917,54146,54148,54330,54331,54332,54333}"
6952,3672,2,"{51834,52396}"
6956,3672,9,"{48300,48301,48303,48304,48305,48307,48308,50533,50534}"
6957,3672,54,"{53875,53876,53877,53878,53920,54163,54214,54240,54243,54536,54662,54748,54845,54846,54977,55121,55138,55139,55140,55141,55404,55405,55514,55866,55867,55868,55869,55965,55968,55969,55970,55971,55972,55976,56246,56946,57135,57136,57137,57286,57287,57288,57746,57747,57748,57806,57807,58222,58407,58408,58409,58855,58856,59558}"
6973,3672,55,"{54995,55486,55487,55708,55750,55854,55899,56228,56247,56379,56388,56498,56692,56779,56857,56968,57045,57121,57660,57661,57743,57968,58097,58248,58410,58488,58489,58722,58886,59015,59159,59288,59455,59675,59941,60044,60257,60376,60519,60668,60794,60987,61137,61282,61418,61527,61613,61771,61853,61970,62118,62250,62360,62490,62545}"
7860,3672,87,"{55091,55092,55093,55094,55095,55096,55097,55098,55099,55100,55101,55179,55180,55181,55182,55495,55704,55705,55706,55707,55748,55749,56289,56290,56425,56426,56457,56458,56459,56460,56461,56462,56463,56464,56570,56571,56572,56573,56990,57062,57063,57064,57065,57066,57067,57068,57069,57070,57289,57290,57333,57926,57927,57928,58226,58259,58260,58272,58305,58306,58307,58308,58309,58310,58311,58312,58429,58430,58469,58758,58852,58853,58854,59126,59127,60048,60050,60102,60103,60619,60772,60773,61179,61188,61588,62171,63828}"
7863,3672,2,"{47100,47311}"
7867,3672,15,"{18904,19319,20586,21774,26038,26039,26040,30739,31425,31964,32203,32204,32209,57373,57374}"
7871,3672,19,"{58909,59022,59023,59024,59936,59938,59939,60262,60263,60740,60742,60967,60975,60976,61210,69767,69814,70043,70051}"
7873,3672,9,"{54979,54980,54981,58759,58952,63087,63196,63384,67267}"
7959,3672,9,"{66638,66639,66640,66641,66642,66643,66644,66645,66646}"
8066,3672,11,"{68953,69087,69220,69320,69384,69385,69386,69387,69388,69584,69823}"
8159,3672,2,"{70120,70121}"
4063,4042,5,"{10233,27120,27121,27122,27124}"
4448,4042,7,"{26604,26605,26606,26607,26608,26609,26611}"
4449,4042,9,"{26594,26595,26597,26598,26599,26600,26601,26602,26603}"
3682,4511,20,"{15331,15332,15456,15459,15483,15484,15516,15517,15524,15525,15542,15543,15544,15545,15577,15578,15579,15580,15582,16631}"
3683,4511,1,{15452}
3824,4511,11,"{15197,15756,19043,21792,22479,22554,23654,23690,27857,28653,38996}"
3886,4511,2,"{15742,15743}"
4843,3672,884,"{30637,30638,30639,30652,30658,30659,30672,30676,30702,30713,30723,30742,30751,30821,30824,30933,30934,30971,31057,32617,33929,33973,33976,33978,33979,33980,33981,33982,34156,34159,34161,34164,34260,34261,34461,34464,34466,34468,34469,34473,34474,34633,34635,34638,34639,34643,34790,34791,34793,34914,34916,34918,34919,34923,34925,34926,34928,34932,35312,35314,35378,35381,35382,35425,35466,35467,35470,35518,35520,35521,35581,35582,35798,35799,35819,35934,36075,36076,36077,36087,36215,36446,36574,36575,36589,36603,36604,36605,36785,36786,36787,36788,36866,36867,36868,36869,37035,37036,37037,37038,37583,37737,37738,37799,37907,37911,37912,38334,38335,38337,38338,38435,38436,38437,38593,38595,38680,38682,38924,38925,38957,39491,39492,39493,39572,39573,39574,39575,39576,39577,39731,39732,39733,40162,40163,40164,40181,40295,40296,40297,40298,40438,40440,40466,40467,40698,40699,40700,40702,40842,40887,40888,40971,40972,40973,41036,41045,41642,41643,41710,41872,41873,42295,42296,42297,42298,42300,42301,42302,42305,42306,42307,42310,42574,42575,42576,42577,43039,43040,43041,43042,43060,43139,43140,43141,43286,43287,43331,43334,43695,43702,43791,43792,43852,43856,44156,44157,44158,44159,44364,44366,44403,44404,44513,44514,44709,44710,44711,44713,45055,45058,45091,45092,45093,45094,45267,45268,45269,45270,45431,45528,45529,46273,46274,46275,46276,46277,46278,46279,46280,46281,46282,46283,46360,46361,46362,46363,46364,46365,46366,46367,46368,46370,46371,46416,46417,46418,46419,46420,46521,46522,46523,46524,46697,46706,46707,46781,46782,46806,46807,46808,46960,46961,47064,47065,47146,47148,47401,47402,47403,47404,47405,47406,47597,47598,47599,47600,47601,47858,47859,47860,47861,47862,47887,47888,47981,47982,48003,48004,48121,48123,48278,48284,48285,48404,48405,48406,48407,48490,48491,48537,48589,48598,48599,48649,48741,48742,48794,49017,49291,49292,49293,49294,49295,49296,49389,49390,49391,49392,49394,49395,49396,49397,49452,49453,49454,49455,49456,49493,49494,49495,49905,49906,49907,49908,49909,49910,49913,50527,50528,50535,50536,50537,50948,50949,50950,50951,50952,50953,50954,50955,50956,50957,50958,51058,51230,51231,51232,51233,51234,51235,51236,51237,51403,51406,51407,51408,51409,51410,51411,51412,51413,51414,51556,51557,51558,51559,51560,51561,51562,51563,51565,51566,51568,51572,51645,51646,51647,51648,51649,51669,51670,51691,51694,51702,51703,51704,51706,51774,51775,51776,51777,51778,51779,52007,52012,52015,52024,52025,52026,52027,52028,52291,52345,52346,52354,52692,52693,52906,52939,53017,53087,53088,53167,53253,53254,53255,53378,53379,53439,53440,53441,53545,53546,53569,53666,53743,53749,53750,53751,54012,54013,54080,54086,54088,54104,54161,54162,54218,54244,54245,54342,54349,54350,54351,54352,54399,54450,54467,54509,54510,54511,54527,54529,54544,54545,54546,54576,54577,54629,54630,54663,54664,54749,54750,54751,54752,54851,54852,54853,54854,54882,54883,54947,54948,54949,54978,54982,54983,55052,55053,55054,55055,55147,55148,55183,55197,55199,55200,55406,55407,55408,55409,55469,55516,55517,55541,55542,55713,55751,55752,55753,55774,55775,55852,55853,55870,55871,55911,55942,55966,55967,55973,55974,56165,56166,56232,56233,56250,56251,56285,56287,56362,56363,56428,56456,56496,56497,56579,56580,56582,56583,56690,56691,56717,56718,56752,56767,56896,56931,56932,56992,56993,57007,57009,57035,57046,57077,57078,57091,57092,57119,57158,57232,57233,57411,57412,57493,57494,57495,57496,57497,57662,57663,57749,57750,57810,57929,57930,57969,57970,58098,58223,58224,58225,58247,58322,58323,58361,58362,58631,58632,58682,58683,58723,58724,58780,58781,58821,58822,58917,58918,58950,58951,59124,59125,59170,59171,59206,59207,59270,59271,59387,59389,59457,59458,59561,59562,59718,59719,59883,59884,59940,60064,60065,60171,60172,60173,60217,60218,60328,60330,60432,60433,60500,60518,60546,60547,60620,60621,60704,60705,61038,61039,61083,61084,61171,61172,61320,61343,61349,61350,61456,61457,61477,61478,61551,61552,61593,61594,61684,61685,61686,61798,61799,61852,61854,61944,61945,61946,61947,62004,62027,62129,62130,62202,62203,62267,62268,62291,62292,62376,62377,62439,62440,62561,62562,62625,62715,62716,62733,62735,62823,62839,62840,63001,63011,63068,63069,63131,63132,63190,63191,63240,63241,63390,63392,63406,63407,63474,63475,63526,63527,63607,63608,63743,63744,64157,64159,64233,64234,64395,64396,64424,64425,64487,64488,64579,64580,64616,64639,64640,64664,64682,64697,64701,64767,64768,64800,64809,64871,64872,64971,64972,65032,65037,65048,65049,65125,65128,65207,65208,65361,65362,65478,65479,65552,65553,65657,65658,65762,65763,65872,65873,65946,65947,66032,66033,66100,66101,66180,66181,66215,66216,66273,66274,66432,66433,66459,66461,66739,66740,66789,66790,66850,66851,66907,66908,66955,66956,67057,67058,67193,67194,67257,67258,67320,67321,67425,67426,67489,67490,67505,67506,67615,67616,67652,67654,67687,67688,67710,67711,67786,67787,67843,67844,67899,67900,68054,68055,68088,68089,68144,68145,68173,68174,68240,68243,68319,68320,68340,68341,68456,68457,68548,68549,68639,68656,68717,68718,68903,68904,68954,68955,68979,68980,69028,69029,69203,69204,69228,69229,69283,69284,69345,69346,69514,69515,69560,69561,69619,69620,69738,69739,69762,69763,69831,69832,69858,69859,69895,69896,69932,69933,69972,69973,69998,69999,70049,70050,70075,70076,70096,70097}"
4187,3672,165,"{22745,22821,22911,23105,23254,23314,23429,23485,23615,23721,23820,23932,24079,24156,24429,24526,24626,24898,24980,25084,25213,25301,25392,25467,25506,25572,25681,25799,25878,25977,26081,26153,26304,26407,26484,26589,26738,26809,26917,26978,27076,27211,27335,27432,27569,27715,27822,27883,27937,27972,28018,28170,28196,28309,28380,28492,28530,28629,28751,28835,28975,29012,29129,29202,29222,29285,29345,29427,29436,29553,29606,29774,29876,29917,30027,30096,30195,30286,30350,30351,30467,30529,30590,30680,30776,30859,30980,31112,31232,31345,31411,31555,31661,31768,31861,32003,32105,32109,32544,32545,32937,32939,33122,33123,33572,33767,33867,34100,34350,34437,34439,34659,34904,35081,35253,35456,35701,35706,35809,35926,36055,36311,36380,36649,36650,36949,37150,37385,37613,37796,37969,38188,38431,38575,38723,38912,39513,39753,40035,40216,40412,40660,40846,41015,41387,41647,41835,42111,42303,42458,42588,42910,43096,43341,43342,43745,44000,44001,44008,44486,44632,44922,44924,55404,55405}"
